{"loss": 0.08434019237756729, "_timestamp": 1702461523.0629835, "_runtime": 578.7162206172943, "_step": 333}