{"loss": 0.1211773082613945, "_timestamp": 1702462586.1855383, "_runtime": 401.4016923904419, "_step": 244, "episode": 1, "reward": 84.0, "epsilon": 0.99}