{"episode": 20, "reward": 357.0, "epsilon": 0.9227, "episode_gif": {"_type": "video-file", "sha256": "e01f76fda2026d06304749647a0b17acd5c49c908ba076e788f408371cea2cec", "size": 1478728, "path": "media/videos/episode_gif_19_e01f76fda2026d063047.gif"}, "_timestamp": 1702497940.114155, "_runtime": 1928.160933971405, "_step": 19}