{"episode": 1, "reward": 63.0, "epsilon": 0.99, "episode_gif": {"_type": "video-file", "sha256": "3e0843b93f80f41c7ad5b18f57fbf89ad40c0adb851e349da60d1d10e671ba3d", "size": 110258, "path": "media/videos/episode_gif_0_3e0843b93f80f41c7ad5.gif"}, "_timestamp": 1702318860.9400847, "_runtime": 175.84400272369385, "_step": 0}