{"episode": 1, "reward": 63.0, "epsilon": 0.99, "episode_gif": {"_type": "video-file", "sha256": "5888e1f5e4d93f2dfb69f9a685c810d1e8cfa5dbe34d925a2770d41100603f90", "size": 50529, "path": "media/videos/episode_gif_3_5888e1f5e4d93f2dfb69.gif"}, "_timestamp": 1702142579.1957169, "_runtime": 3357.835788965225, "_step": 3}