{"episode": 2, "reward": 42.0, "epsilon": 0.9801, "_timestamp": 1702394553.560704, "_runtime": 1209.0053720474243, "_step": 128, "training process Dueling DQN": {"_type": "image-file", "sha256": "a5ea377733a4d71cfc00a9a25606e8c4cc7dce47086714b8ebdadae6ea66b673", "size": 17573, "path": "media/images/training process Dueling DQN_128_a5ea377733a4d71cfc00.png", "format": "png", "width": 720, "height": 360}, "loss": 0.1161535382270813}