{"episode": 3, "reward": 42.0, "epsilon": 0.9702989999999999, "_timestamp": 1702323754.4462125, "_runtime": 1535.9767124652863, "_step": 24, "training process Dueling DQN": {"_type": "image-file", "sha256": "ef2098dff7b978c3645879bfea709a858281775230464f7d7cc6d7cb90cb7f56", "size": 34916, "path": "media/images/training process Dueling DQN_24_ef2098dff7b978c36458.png", "format": "png", "width": 1000, "height": 500}}