{"loss": 0.12159587442874908, "_timestamp": 1702383293.930558, "_runtime": 857.581307888031, "_step": 663, "episode": 1, "reward": 294.0, "epsilon": 0.99, "Training process of DQN": {"_type": "image-file", "sha256": "7d8bbad1199b4b74b79753477810df3cd38fbd4235d7bcf53b4cb062fbf48b1e", "size": 8564, "path": "media/images/Training process of DQN_663_7d8bbad1199b4b74b797.png", "format": "png", "width": 720, "height": 360}}