{"episode": 1, "reward": 273.0, "epsilon": 0.99, "_timestamp": 1702337071.482066, "_runtime": 4086.225688934326, "_step": 2, "Training process of DQN": {"_type": "image-file", "sha256": "6e19860310dccea80170ca67de1da4ff3d8c95843b6c498405f5283cc0ac1710", "size": 7772, "path": "media/images/Training process of DQN_1_6e19860310dccea80170.png", "format": "png", "width": 720, "height": 360}}