{"loss": 0.009124325588345528, "_timestamp": 1702462134.787922, "_runtime": 509.70982599258423, "_step": 334}