{"episode": 1, "reward": 252.0, "epsilon": 0.01, "_timestamp": 1701862436.4445307, "_runtime": 1280.8143286705017, "_step": 0}