{"episode": 1, "reward": 84.0, "epsilon": 0.99, "episode_gif": {"_type": "video-file", "sha256": "95601fc2730e2eaee7c304211c41e90c0bc08b2c70461a75e2e5a64b0c8a2a12", "size": 107850, "path": "media/videos/episode_gif_0_95601fc2730e2eaee7c3.gif"}, "_timestamp": 1702319560.6665032, "_runtime": 161.24329710006714, "_step": 0}