{"episode": 1, "reward": 63.0, "epsilon": 0.99, "episode_gif": {"_type": "video-file", "sha256": "e8abb1f8d47f5e5e2ddc04d387f569ca28da956bf20a3ad8e8e966d3fb174f2b", "size": 158550, "path": "media/videos/episode_gif_0_e8abb1f8d47f5e5e2ddc.gif"}, "_timestamp": 1702418652.1762292, "_runtime": 40.39114022254944, "_step": 0}